<yandex>
<clickhouse_remote_servers>
    <perftest_3shards_1replicas>
        <shard>
             <internal_replication>true</internal_replication>
            <replica>
                <host>clickhouse-server</host>
                <port>9000</port>
            </replica>
        </shard>
    </perftest_3shards_1replicas>
</clickhouse_remote_servers>


<zookeeper-servers>
  <node index="1">
    <host>zookeeper</host>
    <port>2181</port>
  </node>
</zookeeper-servers>

<macros>
    <replica>clickhouse-server</replica>
</macros>


<networks>
   <ip>::/0</ip>
</networks>


<clickhouse_compression>
<case>
  <min_part_size>10000000000</min_part_size>
                                             
  <min_part_size_ratio>0.01</min_part_size_ratio>                                                                                                                                       
  <method>lz4</method>
</case>
</clickhouse_compression>

</yandex>
            
